"Longitude (x)","Latitude (y)","Station Name","Climate ID","Date/Time (LST)","Year","Month","Day","Time (LST)","Temp (°C)","Temp Flag","Dew Point Temp (°C)","Dew Point Temp Flag","Rel Hum (%)","Rel Hum Flag","Precip. Amount (mm)","Precip. Amount Flag","Wind Dir (10s deg)","Wind Dir Flag","Wind Spd (km/h)","Wind Spd Flag","Visibility (km)","Visibility Flag","Stn Press (kPa)","Stn Press Flag","Hmdx","Hmdx Flag","Wind Chill","Wind Chill Flag","Weather"
"-133.02","69.43","TUKTOYAKTUK","2203914","2012-02-01 00:00","2012","02","01","00:00"
"-133.02","69.43","TUKTOYAKTUK","2203914","2012-02-01 01:00","2012","02","01","01:00"
"-133.02","69.43","TUKTOYAKTUK","2203914","2012-02-01 02:00","2012","02","01","02:00"
"-133.02","69.43","TUKTOYAKTUK","2203914","2012-02-01 03:00","2012","02","01","03:00"
"-133.02","69.43","TUKTOYAKTUK","2203914","2012-02-01 04:00","2012","02","01","04:00"
"-133.02","69.43","TUKTOYAKTUK","2203914","2012-02-01 05:00","2012","02","01","05:00"
"-133.02","69.43","TUKTOYAKTUK","2203914","2012-02-01 06:00","2012","02","01","06:00"
"-133.02","69.43","TUKTOYAKTUK","2203914","2012-02-01 07:00","2012","02","01","07:00"
"-133.02","69.43","TUKTOYAKTUK","2203914","2012-02-01 08:00","2012","02","01","08:00"
"-133.02","69.43","TUKTOYAKTUK","2203914","2012-02-01 09:00","2012","02","01","09:00"
"-133.02","69.43","TUKTOYAKTUK","2203914","2012-02-01 10:00","2012","02","01","10:00"
"-133.02","69.43","TUKTOYAKTUK","2203914","2012-02-01 11:00","2012","02","01","11:00"
"-133.02","69.43","TUKTOYAKTUK","2203914","2012-02-01 12:00","2012","02","01","12:00"
"-133.02","69.43","TUKTOYAKTUK","2203914","2012-02-01 13:00","2012","02","01","13:00"
"-133.02","69.43","TUKTOYAKTUK","2203914","2012-02-01 14:00","2012","02","01","14:00"
"-133.02","69.43","TUKTOYAKTUK","2203914","2012-02-01 15:00","2012","02","01","15:00"
"-133.02","69.43","TUKTOYAKTUK","2203914","2012-02-01 16:00","2012","02","01","16:00"
"-133.02","69.43","TUKTOYAKTUK","2203914","2012-02-01 17:00","2012","02","01","17:00"
"-133.02","69.43","TUKTOYAKTUK","2203914","2012-02-01 18:00","2012","02","01","18:00"
"-133.02","69.43","TUKTOYAKTUK","2203914","2012-02-01 19:00","2012","02","01","19:00"
"-133.02","69.43","TUKTOYAKTUK","2203914","2012-02-01 20:00","2012","02","01","20:00"
"-133.02","69.43","TUKTOYAKTUK","2203914","2012-02-01 21:00","2012","02","01","21:00"
"-133.02","69.43","TUKTOYAKTUK","2203914","2012-02-01 22:00","2012","02","01","22:00"
"-133.02","69.43","TUKTOYAKTUK","2203914","2012-02-01 23:00","2012","02","01","23:00"
"-133.02","69.43","TUKTOYAKTUK","2203914","2012-02-02 00:00","2012","02","02","00:00"
"-133.02","69.43","TUKTOYAKTUK","2203914","2012-02-02 01:00","2012","02","02","01:00"
"-133.02","69.43","TUKTOYAKTUK","2203914","2012-02-02 02:00","2012","02","02","02:00"
"-133.02","69.43","TUKTOYAKTUK","2203914","2012-02-02 03:00","2012","02","02","03:00"
"-133.02","69.43","TUKTOYAKTUK","2203914","2012-02-02 04:00","2012","02","02","04:00"
"-133.02","69.43","TUKTOYAKTUK","2203914","2012-02-02 05:00","2012","02","02","05:00"
"-133.02","69.43","TUKTOYAKTUK","2203914","2012-02-02 06:00","2012","02","02","06:00"
"-133.02","69.43","TUKTOYAKTUK","2203914","2012-02-02 07:00","2012","02","02","07:00"
"-133.02","69.43","TUKTOYAKTUK","2203914","2012-02-02 08:00","2012","02","02","08:00"
"-133.02","69.43","TUKTOYAKTUK","2203914","2012-02-02 09:00","2012","02","02","09:00"
"-133.02","69.43","TUKTOYAKTUK","2203914","2012-02-02 10:00","2012","02","02","10:00"
"-133.02","69.43","TUKTOYAKTUK","2203914","2012-02-02 11:00","2012","02","02","11:00"
"-133.02","69.43","TUKTOYAKTUK","2203914","2012-02-02 12:00","2012","02","02","12:00"
"-133.02","69.43","TUKTOYAKTUK","2203914","2012-02-02 13:00","2012","02","02","13:00"
"-133.02","69.43","TUKTOYAKTUK","2203914","2012-02-02 14:00","2012","02","02","14:00"
"-133.02","69.43","TUKTOYAKTUK","2203914","2012-02-02 15:00","2012","02","02","15:00"
"-133.02","69.43","TUKTOYAKTUK","2203914","2012-02-02 16:00","2012","02","02","16:00"
"-133.02","69.43","TUKTOYAKTUK","2203914","2012-02-02 17:00","2012","02","02","17:00"
"-133.02","69.43","TUKTOYAKTUK","2203914","2012-02-02 18:00","2012","02","02","18:00"
"-133.02","69.43","TUKTOYAKTUK","2203914","2012-02-02 19:00","2012","02","02","19:00"
"-133.02","69.43","TUKTOYAKTUK","2203914","2012-02-02 20:00","2012","02","02","20:00"
"-133.02","69.43","TUKTOYAKTUK","2203914","2012-02-02 21:00","2012","02","02","21:00"
"-133.02","69.43","TUKTOYAKTUK","2203914","2012-02-02 22:00","2012","02","02","22:00"
"-133.02","69.43","TUKTOYAKTUK","2203914","2012-02-02 23:00","2012","02","02","23:00"
"-133.02","69.43","TUKTOYAKTUK","2203914","2012-02-03 00:00","2012","02","03","00:00"
"-133.02","69.43","TUKTOYAKTUK","2203914","2012-02-03 01:00","2012","02","03","01:00"
"-133.02","69.43","TUKTOYAKTUK","2203914","2012-02-03 02:00","2012","02","03","02:00"
"-133.02","69.43","TUKTOYAKTUK","2203914","2012-02-03 03:00","2012","02","03","03:00"
"-133.02","69.43","TUKTOYAKTUK","2203914","2012-02-03 04:00","2012","02","03","04:00"
"-133.02","69.43","TUKTOYAKTUK","2203914","2012-02-03 05:00","2012","02","03","05:00"
"-133.02","69.43","TUKTOYAKTUK","2203914","2012-02-03 06:00","2012","02","03","06:00"
"-133.02","69.43","TUKTOYAKTUK","2203914","2012-02-03 07:00","2012","02","03","07:00"
"-133.02","69.43","TUKTOYAKTUK","2203914","2012-02-03 08:00","2012","02","03","08:00"
"-133.02","69.43","TUKTOYAKTUK","2203914","2012-02-03 09:00","2012","02","03","09:00"
"-133.02","69.43","TUKTOYAKTUK","2203914","2012-02-03 10:00","2012","02","03","10:00"
"-133.02","69.43","TUKTOYAKTUK","2203914","2012-02-03 11:00","2012","02","03","11:00"
"-133.02","69.43","TUKTOYAKTUK","2203914","2012-02-03 12:00","2012","02","03","12:00"
"-133.02","69.43","TUKTOYAKTUK","2203914","2012-02-03 13:00","2012","02","03","13:00"
"-133.02","69.43","TUKTOYAKTUK","2203914","2012-02-03 14:00","2012","02","03","14:00"
"-133.02","69.43","TUKTOYAKTUK","2203914","2012-02-03 15:00","2012","02","03","15:00"
"-133.02","69.43","TUKTOYAKTUK","2203914","2012-02-03 16:00","2012","02","03","16:00"
"-133.02","69.43","TUKTOYAKTUK","2203914","2012-02-03 17:00","2012","02","03","17:00"
"-133.02","69.43","TUKTOYAKTUK","2203914","2012-02-03 18:00","2012","02","03","18:00"
"-133.02","69.43","TUKTOYAKTUK","2203914","2012-02-03 19:00","2012","02","03","19:00"
"-133.02","69.43","TUKTOYAKTUK","2203914","2012-02-03 20:00","2012","02","03","20:00"
"-133.02","69.43","TUKTOYAKTUK","2203914","2012-02-03 21:00","2012","02","03","21:00"
"-133.02","69.43","TUKTOYAKTUK","2203914","2012-02-03 22:00","2012","02","03","22:00"
"-133.02","69.43","TUKTOYAKTUK","2203914","2012-02-03 23:00","2012","02","03","23:00"
"-133.02","69.43","TUKTOYAKTUK","2203914","2012-02-04 00:00","2012","02","04","00:00"
"-133.02","69.43","TUKTOYAKTUK","2203914","2012-02-04 01:00","2012","02","04","01:00"
"-133.02","69.43","TUKTOYAKTUK","2203914","2012-02-04 02:00","2012","02","04","02:00"
"-133.02","69.43","TUKTOYAKTUK","2203914","2012-02-04 03:00","2012","02","04","03:00"
"-133.02","69.43","TUKTOYAKTUK","2203914","2012-02-04 04:00","2012","02","04","04:00"
"-133.02","69.43","TUKTOYAKTUK","2203914","2012-02-04 05:00","2012","02","04","05:00"
"-133.02","69.43","TUKTOYAKTUK","2203914","2012-02-04 06:00","2012","02","04","06:00"
"-133.02","69.43","TUKTOYAKTUK","2203914","2012-02-04 07:00","2012","02","04","07:00"
"-133.02","69.43","TUKTOYAKTUK","2203914","2012-02-04 08:00","2012","02","04","08:00"
"-133.02","69.43","TUKTOYAKTUK","2203914","2012-02-04 09:00","2012","02","04","09:00"
"-133.02","69.43","TUKTOYAKTUK","2203914","2012-02-04 10:00","2012","02","04","10:00"
"-133.02","69.43","TUKTOYAKTUK","2203914","2012-02-04 11:00","2012","02","04","11:00"
"-133.02","69.43","TUKTOYAKTUK","2203914","2012-02-04 12:00","2012","02","04","12:00"
"-133.02","69.43","TUKTOYAKTUK","2203914","2012-02-04 13:00","2012","02","04","13:00"
"-133.02","69.43","TUKTOYAKTUK","2203914","2012-02-04 14:00","2012","02","04","14:00"
"-133.02","69.43","TUKTOYAKTUK","2203914","2012-02-04 15:00","2012","02","04","15:00"
"-133.02","69.43","TUKTOYAKTUK","2203914","2012-02-04 16:00","2012","02","04","16:00"
"-133.02","69.43","TUKTOYAKTUK","2203914","2012-02-04 17:00","2012","02","04","17:00"
"-133.02","69.43","TUKTOYAKTUK","2203914","2012-02-04 18:00","2012","02","04","18:00"
"-133.02","69.43","TUKTOYAKTUK","2203914","2012-02-04 19:00","2012","02","04","19:00"
"-133.02","69.43","TUKTOYAKTUK","2203914","2012-02-04 20:00","2012","02","04","20:00"
"-133.02","69.43","TUKTOYAKTUK","2203914","2012-02-04 21:00","2012","02","04","21:00"
"-133.02","69.43","TUKTOYAKTUK","2203914","2012-02-04 22:00","2012","02","04","22:00"
"-133.02","69.43","TUKTOYAKTUK","2203914","2012-02-04 23:00","2012","02","04","23:00"
"-133.02","69.43","TUKTOYAKTUK","2203914","2012-02-05 00:00","2012","02","05","00:00"
"-133.02","69.43","TUKTOYAKTUK","2203914","2012-02-05 01:00","2012","02","05","01:00"
"-133.02","69.43","TUKTOYAKTUK","2203914","2012-02-05 02:00","2012","02","05","02:00"
"-133.02","69.43","TUKTOYAKTUK","2203914","2012-02-05 03:00","2012","02","05","03:00"
"-133.02","69.43","TUKTOYAKTUK","2203914","2012-02-05 04:00","2012","02","05","04:00"
"-133.02","69.43","TUKTOYAKTUK","2203914","2012-02-05 05:00","2012","02","05","05:00"
"-133.02","69.43","TUKTOYAKTUK","2203914","2012-02-05 06:00","2012","02","05","06:00"
"-133.02","69.43","TUKTOYAKTUK","2203914","2012-02-05 07:00","2012","02","05","07:00"
"-133.02","69.43","TUKTOYAKTUK","2203914","2012-02-05 08:00","2012","02","05","08:00"
"-133.02","69.43","TUKTOYAKTUK","2203914","2012-02-05 09:00","2012","02","05","09:00"
"-133.02","69.43","TUKTOYAKTUK","2203914","2012-02-05 10:00","2012","02","05","10:00"
"-133.02","69.43","TUKTOYAKTUK","2203914","2012-02-05 11:00","2012","02","05","11:00"
"-133.02","69.43","TUKTOYAKTUK","2203914","2012-02-05 12:00","2012","02","05","12:00"
"-133.02","69.43","TUKTOYAKTUK","2203914","2012-02-05 13:00","2012","02","05","13:00"
"-133.02","69.43","TUKTOYAKTUK","2203914","2012-02-05 14:00","2012","02","05","14:00"
"-133.02","69.43","TUKTOYAKTUK","2203914","2012-02-05 15:00","2012","02","05","15:00"
"-133.02","69.43","TUKTOYAKTUK","2203914","2012-02-05 16:00","2012","02","05","16:00"
"-133.02","69.43","TUKTOYAKTUK","2203914","2012-02-05 17:00","2012","02","05","17:00"
"-133.02","69.43","TUKTOYAKTUK","2203914","2012-02-05 18:00","2012","02","05","18:00"
"-133.02","69.43","TUKTOYAKTUK","2203914","2012-02-05 19:00","2012","02","05","19:00"
"-133.02","69.43","TUKTOYAKTUK","2203914","2012-02-05 20:00","2012","02","05","20:00"
"-133.02","69.43","TUKTOYAKTUK","2203914","2012-02-05 21:00","2012","02","05","21:00"
"-133.02","69.43","TUKTOYAKTUK","2203914","2012-02-05 22:00","2012","02","05","22:00"
"-133.02","69.43","TUKTOYAKTUK","2203914","2012-02-05 23:00","2012","02","05","23:00"
"-133.02","69.43","TUKTOYAKTUK","2203914","2012-02-06 00:00","2012","02","06","00:00"
"-133.02","69.43","TUKTOYAKTUK","2203914","2012-02-06 01:00","2012","02","06","01:00"
"-133.02","69.43","TUKTOYAKTUK","2203914","2012-02-06 02:00","2012","02","06","02:00"
"-133.02","69.43","TUKTOYAKTUK","2203914","2012-02-06 03:00","2012","02","06","03:00"
"-133.02","69.43","TUKTOYAKTUK","2203914","2012-02-06 04:00","2012","02","06","04:00"
"-133.02","69.43","TUKTOYAKTUK","2203914","2012-02-06 05:00","2012","02","06","05:00"
"-133.02","69.43","TUKTOYAKTUK","2203914","2012-02-06 06:00","2012","02","06","06:00"
"-133.02","69.43","TUKTOYAKTUK","2203914","2012-02-06 07:00","2012","02","06","07:00"
"-133.02","69.43","TUKTOYAKTUK","2203914","2012-02-06 08:00","2012","02","06","08:00"
"-133.02","69.43","TUKTOYAKTUK","2203914","2012-02-06 09:00","2012","02","06","09:00"
"-133.02","69.43","TUKTOYAKTUK","2203914","2012-02-06 10:00","2012","02","06","10:00"
"-133.02","69.43","TUKTOYAKTUK","2203914","2012-02-06 11:00","2012","02","06","11:00"
"-133.02","69.43","TUKTOYAKTUK","2203914","2012-02-06 12:00","2012","02","06","12:00"
"-133.02","69.43","TUKTOYAKTUK","2203914","2012-02-06 13:00","2012","02","06","13:00"
"-133.02","69.43","TUKTOYAKTUK","2203914","2012-02-06 14:00","2012","02","06","14:00"
"-133.02","69.43","TUKTOYAKTUK","2203914","2012-02-06 15:00","2012","02","06","15:00"
"-133.02","69.43","TUKTOYAKTUK","2203914","2012-02-06 16:00","2012","02","06","16:00"
"-133.02","69.43","TUKTOYAKTUK","2203914","2012-02-06 17:00","2012","02","06","17:00"
"-133.02","69.43","TUKTOYAKTUK","2203914","2012-02-06 18:00","2012","02","06","18:00"
"-133.02","69.43","TUKTOYAKTUK","2203914","2012-02-06 19:00","2012","02","06","19:00"
"-133.02","69.43","TUKTOYAKTUK","2203914","2012-02-06 20:00","2012","02","06","20:00"
"-133.02","69.43","TUKTOYAKTUK","2203914","2012-02-06 21:00","2012","02","06","21:00"
"-133.02","69.43","TUKTOYAKTUK","2203914","2012-02-06 22:00","2012","02","06","22:00"
"-133.02","69.43","TUKTOYAKTUK","2203914","2012-02-06 23:00","2012","02","06","23:00"
"-133.02","69.43","TUKTOYAKTUK","2203914","2012-02-07 00:00","2012","02","07","00:00"
"-133.02","69.43","TUKTOYAKTUK","2203914","2012-02-07 01:00","2012","02","07","01:00"
"-133.02","69.43","TUKTOYAKTUK","2203914","2012-02-07 02:00","2012","02","07","02:00"
"-133.02","69.43","TUKTOYAKTUK","2203914","2012-02-07 03:00","2012","02","07","03:00"
"-133.02","69.43","TUKTOYAKTUK","2203914","2012-02-07 04:00","2012","02","07","04:00"
"-133.02","69.43","TUKTOYAKTUK","2203914","2012-02-07 05:00","2012","02","07","05:00"
"-133.02","69.43","TUKTOYAKTUK","2203914","2012-02-07 06:00","2012","02","07","06:00"
"-133.02","69.43","TUKTOYAKTUK","2203914","2012-02-07 07:00","2012","02","07","07:00"
"-133.02","69.43","TUKTOYAKTUK","2203914","2012-02-07 08:00","2012","02","07","08:00"
"-133.02","69.43","TUKTOYAKTUK","2203914","2012-02-07 09:00","2012","02","07","09:00"
"-133.02","69.43","TUKTOYAKTUK","2203914","2012-02-07 10:00","2012","02","07","10:00"
"-133.02","69.43","TUKTOYAKTUK","2203914","2012-02-07 11:00","2012","02","07","11:00"
"-133.02","69.43","TUKTOYAKTUK","2203914","2012-02-07 12:00","2012","02","07","12:00"
"-133.02","69.43","TUKTOYAKTUK","2203914","2012-02-07 13:00","2012","02","07","13:00"
"-133.02","69.43","TUKTOYAKTUK","2203914","2012-02-07 14:00","2012","02","07","14:00"
"-133.02","69.43","TUKTOYAKTUK","2203914","2012-02-07 15:00","2012","02","07","15:00"
"-133.02","69.43","TUKTOYAKTUK","2203914","2012-02-07 16:00","2012","02","07","16:00"
"-133.02","69.43","TUKTOYAKTUK","2203914","2012-02-07 17:00","2012","02","07","17:00"
"-133.02","69.43","TUKTOYAKTUK","2203914","2012-02-07 18:00","2012","02","07","18:00"
"-133.02","69.43","TUKTOYAKTUK","2203914","2012-02-07 19:00","2012","02","07","19:00"
"-133.02","69.43","TUKTOYAKTUK","2203914","2012-02-07 20:00","2012","02","07","20:00"
"-133.02","69.43","TUKTOYAKTUK","2203914","2012-02-07 21:00","2012","02","07","21:00"
"-133.02","69.43","TUKTOYAKTUK","2203914","2012-02-07 22:00","2012","02","07","22:00"
"-133.02","69.43","TUKTOYAKTUK","2203914","2012-02-07 23:00","2012","02","07","23:00"
"-133.02","69.43","TUKTOYAKTUK","2203914","2012-02-08 00:00","2012","02","08","00:00"
"-133.02","69.43","TUKTOYAKTUK","2203914","2012-02-08 01:00","2012","02","08","01:00"
"-133.02","69.43","TUKTOYAKTUK","2203914","2012-02-08 02:00","2012","02","08","02:00"
"-133.02","69.43","TUKTOYAKTUK","2203914","2012-02-08 03:00","2012","02","08","03:00"
"-133.02","69.43","TUKTOYAKTUK","2203914","2012-02-08 04:00","2012","02","08","04:00"
"-133.02","69.43","TUKTOYAKTUK","2203914","2012-02-08 05:00","2012","02","08","05:00"
"-133.02","69.43","TUKTOYAKTUK","2203914","2012-02-08 06:00","2012","02","08","06:00"
"-133.02","69.43","TUKTOYAKTUK","2203914","2012-02-08 07:00","2012","02","08","07:00"
"-133.02","69.43","TUKTOYAKTUK","2203914","2012-02-08 08:00","2012","02","08","08:00"
"-133.02","69.43","TUKTOYAKTUK","2203914","2012-02-08 09:00","2012","02","08","09:00"
"-133.02","69.43","TUKTOYAKTUK","2203914","2012-02-08 10:00","2012","02","08","10:00"
"-133.02","69.43","TUKTOYAKTUK","2203914","2012-02-08 11:00","2012","02","08","11:00"
"-133.02","69.43","TUKTOYAKTUK","2203914","2012-02-08 12:00","2012","02","08","12:00"
"-133.02","69.43","TUKTOYAKTUK","2203914","2012-02-08 13:00","2012","02","08","13:00"
"-133.02","69.43","TUKTOYAKTUK","2203914","2012-02-08 14:00","2012","02","08","14:00"
"-133.02","69.43","TUKTOYAKTUK","2203914","2012-02-08 15:00","2012","02","08","15:00"
"-133.02","69.43","TUKTOYAKTUK","2203914","2012-02-08 16:00","2012","02","08","16:00"
"-133.02","69.43","TUKTOYAKTUK","2203914","2012-02-08 17:00","2012","02","08","17:00"
"-133.02","69.43","TUKTOYAKTUK","2203914","2012-02-08 18:00","2012","02","08","18:00"
"-133.02","69.43","TUKTOYAKTUK","2203914","2012-02-08 19:00","2012","02","08","19:00"
"-133.02","69.43","TUKTOYAKTUK","2203914","2012-02-08 20:00","2012","02","08","20:00"
"-133.02","69.43","TUKTOYAKTUK","2203914","2012-02-08 21:00","2012","02","08","21:00"
"-133.02","69.43","TUKTOYAKTUK","2203914","2012-02-08 22:00","2012","02","08","22:00"
"-133.02","69.43","TUKTOYAKTUK","2203914","2012-02-08 23:00","2012","02","08","23:00"
"-133.02","69.43","TUKTOYAKTUK","2203914","2012-02-09 00:00","2012","02","09","00:00"
"-133.02","69.43","TUKTOYAKTUK","2203914","2012-02-09 01:00","2012","02","09","01:00"
"-133.02","69.43","TUKTOYAKTUK","2203914","2012-02-09 02:00","2012","02","09","02:00"
"-133.02","69.43","TUKTOYAKTUK","2203914","2012-02-09 03:00","2012","02","09","03:00"
"-133.02","69.43","TUKTOYAKTUK","2203914","2012-02-09 04:00","2012","02","09","04:00"
"-133.02","69.43","TUKTOYAKTUK","2203914","2012-02-09 05:00","2012","02","09","05:00"
"-133.02","69.43","TUKTOYAKTUK","2203914","2012-02-09 06:00","2012","02","09","06:00"
"-133.02","69.43","TUKTOYAKTUK","2203914","2012-02-09 07:00","2012","02","09","07:00"
"-133.02","69.43","TUKTOYAKTUK","2203914","2012-02-09 08:00","2012","02","09","08:00"
"-133.02","69.43","TUKTOYAKTUK","2203914","2012-02-09 09:00","2012","02","09","09:00"
"-133.02","69.43","TUKTOYAKTUK","2203914","2012-02-09 10:00","2012","02","09","10:00"
"-133.02","69.43","TUKTOYAKTUK","2203914","2012-02-09 11:00","2012","02","09","11:00"
"-133.02","69.43","TUKTOYAKTUK","2203914","2012-02-09 12:00","2012","02","09","12:00"
"-133.02","69.43","TUKTOYAKTUK","2203914","2012-02-09 13:00","2012","02","09","13:00"
"-133.02","69.43","TUKTOYAKTUK","2203914","2012-02-09 14:00","2012","02","09","14:00"
"-133.02","69.43","TUKTOYAKTUK","2203914","2012-02-09 15:00","2012","02","09","15:00"
"-133.02","69.43","TUKTOYAKTUK","2203914","2012-02-09 16:00","2012","02","09","16:00"
"-133.02","69.43","TUKTOYAKTUK","2203914","2012-02-09 17:00","2012","02","09","17:00"
"-133.02","69.43","TUKTOYAKTUK","2203914","2012-02-09 18:00","2012","02","09","18:00"
"-133.02","69.43","TUKTOYAKTUK","2203914","2012-02-09 19:00","2012","02","09","19:00"
"-133.02","69.43","TUKTOYAKTUK","2203914","2012-02-09 20:00","2012","02","09","20:00"
"-133.02","69.43","TUKTOYAKTUK","2203914","2012-02-09 21:00","2012","02","09","21:00"
"-133.02","69.43","TUKTOYAKTUK","2203914","2012-02-09 22:00","2012","02","09","22:00"
"-133.02","69.43","TUKTOYAKTUK","2203914","2012-02-09 23:00","2012","02","09","23:00"
"-133.02","69.43","TUKTOYAKTUK","2203914","2012-02-10 00:00","2012","02","10","00:00"
"-133.02","69.43","TUKTOYAKTUK","2203914","2012-02-10 01:00","2012","02","10","01:00"
"-133.02","69.43","TUKTOYAKTUK","2203914","2012-02-10 02:00","2012","02","10","02:00"
"-133.02","69.43","TUKTOYAKTUK","2203914","2012-02-10 03:00","2012","02","10","03:00"
"-133.02","69.43","TUKTOYAKTUK","2203914","2012-02-10 04:00","2012","02","10","04:00"
"-133.02","69.43","TUKTOYAKTUK","2203914","2012-02-10 05:00","2012","02","10","05:00"
"-133.02","69.43","TUKTOYAKTUK","2203914","2012-02-10 06:00","2012","02","10","06:00"
"-133.02","69.43","TUKTOYAKTUK","2203914","2012-02-10 07:00","2012","02","10","07:00"
"-133.02","69.43","TUKTOYAKTUK","2203914","2012-02-10 08:00","2012","02","10","08:00"
"-133.02","69.43","TUKTOYAKTUK","2203914","2012-02-10 09:00","2012","02","10","09:00"
"-133.02","69.43","TUKTOYAKTUK","2203914","2012-02-10 10:00","2012","02","10","10:00"
"-133.02","69.43","TUKTOYAKTUK","2203914","2012-02-10 11:00","2012","02","10","11:00"
"-133.02","69.43","TUKTOYAKTUK","2203914","2012-02-10 12:00","2012","02","10","12:00"
"-133.02","69.43","TUKTOYAKTUK","2203914","2012-02-10 13:00","2012","02","10","13:00"
"-133.02","69.43","TUKTOYAKTUK","2203914","2012-02-10 14:00","2012","02","10","14:00"
"-133.02","69.43","TUKTOYAKTUK","2203914","2012-02-10 15:00","2012","02","10","15:00"
"-133.02","69.43","TUKTOYAKTUK","2203914","2012-02-10 16:00","2012","02","10","16:00"
"-133.02","69.43","TUKTOYAKTUK","2203914","2012-02-10 17:00","2012","02","10","17:00"
"-133.02","69.43","TUKTOYAKTUK","2203914","2012-02-10 18:00","2012","02","10","18:00"
"-133.02","69.43","TUKTOYAKTUK","2203914","2012-02-10 19:00","2012","02","10","19:00"
"-133.02","69.43","TUKTOYAKTUK","2203914","2012-02-10 20:00","2012","02","10","20:00"
"-133.02","69.43","TUKTOYAKTUK","2203914","2012-02-10 21:00","2012","02","10","21:00"
"-133.02","69.43","TUKTOYAKTUK","2203914","2012-02-10 22:00","2012","02","10","22:00"
"-133.02","69.43","TUKTOYAKTUK","2203914","2012-02-10 23:00","2012","02","10","23:00"
"-133.02","69.43","TUKTOYAKTUK","2203914","2012-02-11 00:00","2012","02","11","00:00"
"-133.02","69.43","TUKTOYAKTUK","2203914","2012-02-11 01:00","2012","02","11","01:00"
"-133.02","69.43","TUKTOYAKTUK","2203914","2012-02-11 02:00","2012","02","11","02:00"
"-133.02","69.43","TUKTOYAKTUK","2203914","2012-02-11 03:00","2012","02","11","03:00"
"-133.02","69.43","TUKTOYAKTUK","2203914","2012-02-11 04:00","2012","02","11","04:00"
"-133.02","69.43","TUKTOYAKTUK","2203914","2012-02-11 05:00","2012","02","11","05:00"
"-133.02","69.43","TUKTOYAKTUK","2203914","2012-02-11 06:00","2012","02","11","06:00"
"-133.02","69.43","TUKTOYAKTUK","2203914","2012-02-11 07:00","2012","02","11","07:00"
"-133.02","69.43","TUKTOYAKTUK","2203914","2012-02-11 08:00","2012","02","11","08:00"
"-133.02","69.43","TUKTOYAKTUK","2203914","2012-02-11 09:00","2012","02","11","09:00"
"-133.02","69.43","TUKTOYAKTUK","2203914","2012-02-11 10:00","2012","02","11","10:00"
"-133.02","69.43","TUKTOYAKTUK","2203914","2012-02-11 11:00","2012","02","11","11:00"
"-133.02","69.43","TUKTOYAKTUK","2203914","2012-02-11 12:00","2012","02","11","12:00"
"-133.02","69.43","TUKTOYAKTUK","2203914","2012-02-11 13:00","2012","02","11","13:00"
"-133.02","69.43","TUKTOYAKTUK","2203914","2012-02-11 14:00","2012","02","11","14:00"
"-133.02","69.43","TUKTOYAKTUK","2203914","2012-02-11 15:00","2012","02","11","15:00"
"-133.02","69.43","TUKTOYAKTUK","2203914","2012-02-11 16:00","2012","02","11","16:00"
"-133.02","69.43","TUKTOYAKTUK","2203914","2012-02-11 17:00","2012","02","11","17:00"
"-133.02","69.43","TUKTOYAKTUK","2203914","2012-02-11 18:00","2012","02","11","18:00"
"-133.02","69.43","TUKTOYAKTUK","2203914","2012-02-11 19:00","2012","02","11","19:00"
"-133.02","69.43","TUKTOYAKTUK","2203914","2012-02-11 20:00","2012","02","11","20:00"
"-133.02","69.43","TUKTOYAKTUK","2203914","2012-02-11 21:00","2012","02","11","21:00"
"-133.02","69.43","TUKTOYAKTUK","2203914","2012-02-11 22:00","2012","02","11","22:00"
"-133.02","69.43","TUKTOYAKTUK","2203914","2012-02-11 23:00","2012","02","11","23:00"
"-133.02","69.43","TUKTOYAKTUK","2203914","2012-02-12 00:00","2012","02","12","00:00"
"-133.02","69.43","TUKTOYAKTUK","2203914","2012-02-12 01:00","2012","02","12","01:00"
"-133.02","69.43","TUKTOYAKTUK","2203914","2012-02-12 02:00","2012","02","12","02:00"
"-133.02","69.43","TUKTOYAKTUK","2203914","2012-02-12 03:00","2012","02","12","03:00"
"-133.02","69.43","TUKTOYAKTUK","2203914","2012-02-12 04:00","2012","02","12","04:00"
"-133.02","69.43","TUKTOYAKTUK","2203914","2012-02-12 05:00","2012","02","12","05:00"
"-133.02","69.43","TUKTOYAKTUK","2203914","2012-02-12 06:00","2012","02","12","06:00"
"-133.02","69.43","TUKTOYAKTUK","2203914","2012-02-12 07:00","2012","02","12","07:00"
"-133.02","69.43","TUKTOYAKTUK","2203914","2012-02-12 08:00","2012","02","12","08:00"
"-133.02","69.43","TUKTOYAKTUK","2203914","2012-02-12 09:00","2012","02","12","09:00"
"-133.02","69.43","TUKTOYAKTUK","2203914","2012-02-12 10:00","2012","02","12","10:00"
"-133.02","69.43","TUKTOYAKTUK","2203914","2012-02-12 11:00","2012","02","12","11:00"
"-133.02","69.43","TUKTOYAKTUK","2203914","2012-02-12 12:00","2012","02","12","12:00"
"-133.02","69.43","TUKTOYAKTUK","2203914","2012-02-12 13:00","2012","02","12","13:00"
"-133.02","69.43","TUKTOYAKTUK","2203914","2012-02-12 14:00","2012","02","12","14:00"
"-133.02","69.43","TUKTOYAKTUK","2203914","2012-02-12 15:00","2012","02","12","15:00"
"-133.02","69.43","TUKTOYAKTUK","2203914","2012-02-12 16:00","2012","02","12","16:00"
"-133.02","69.43","TUKTOYAKTUK","2203914","2012-02-12 17:00","2012","02","12","17:00"
"-133.02","69.43","TUKTOYAKTUK","2203914","2012-02-12 18:00","2012","02","12","18:00"
"-133.02","69.43","TUKTOYAKTUK","2203914","2012-02-12 19:00","2012","02","12","19:00"
"-133.02","69.43","TUKTOYAKTUK","2203914","2012-02-12 20:00","2012","02","12","20:00"
"-133.02","69.43","TUKTOYAKTUK","2203914","2012-02-12 21:00","2012","02","12","21:00"
"-133.02","69.43","TUKTOYAKTUK","2203914","2012-02-12 22:00","2012","02","12","22:00"
"-133.02","69.43","TUKTOYAKTUK","2203914","2012-02-12 23:00","2012","02","12","23:00"
"-133.02","69.43","TUKTOYAKTUK","2203914","2012-02-13 00:00","2012","02","13","00:00"
"-133.02","69.43","TUKTOYAKTUK","2203914","2012-02-13 01:00","2012","02","13","01:00"
"-133.02","69.43","TUKTOYAKTUK","2203914","2012-02-13 02:00","2012","02","13","02:00"
"-133.02","69.43","TUKTOYAKTUK","2203914","2012-02-13 03:00","2012","02","13","03:00"
"-133.02","69.43","TUKTOYAKTUK","2203914","2012-02-13 04:00","2012","02","13","04:00"
"-133.02","69.43","TUKTOYAKTUK","2203914","2012-02-13 05:00","2012","02","13","05:00"
"-133.02","69.43","TUKTOYAKTUK","2203914","2012-02-13 06:00","2012","02","13","06:00"
"-133.02","69.43","TUKTOYAKTUK","2203914","2012-02-13 07:00","2012","02","13","07:00"
"-133.02","69.43","TUKTOYAKTUK","2203914","2012-02-13 08:00","2012","02","13","08:00"
"-133.02","69.43","TUKTOYAKTUK","2203914","2012-02-13 09:00","2012","02","13","09:00"
"-133.02","69.43","TUKTOYAKTUK","2203914","2012-02-13 10:00","2012","02","13","10:00"
"-133.02","69.43","TUKTOYAKTUK","2203914","2012-02-13 11:00","2012","02","13","11:00"
"-133.02","69.43","TUKTOYAKTUK","2203914","2012-02-13 12:00","2012","02","13","12:00"
"-133.02","69.43","TUKTOYAKTUK","2203914","2012-02-13 13:00","2012","02","13","13:00"
"-133.02","69.43","TUKTOYAKTUK","2203914","2012-02-13 14:00","2012","02","13","14:00"
"-133.02","69.43","TUKTOYAKTUK","2203914","2012-02-13 15:00","2012","02","13","15:00"
"-133.02","69.43","TUKTOYAKTUK","2203914","2012-02-13 16:00","2012","02","13","16:00"
"-133.02","69.43","TUKTOYAKTUK","2203914","2012-02-13 17:00","2012","02","13","17:00"
"-133.02","69.43","TUKTOYAKTUK","2203914","2012-02-13 18:00","2012","02","13","18:00"
"-133.02","69.43","TUKTOYAKTUK","2203914","2012-02-13 19:00","2012","02","13","19:00"
"-133.02","69.43","TUKTOYAKTUK","2203914","2012-02-13 20:00","2012","02","13","20:00"
"-133.02","69.43","TUKTOYAKTUK","2203914","2012-02-13 21:00","2012","02","13","21:00"
"-133.02","69.43","TUKTOYAKTUK","2203914","2012-02-13 22:00","2012","02","13","22:00"
"-133.02","69.43","TUKTOYAKTUK","2203914","2012-02-13 23:00","2012","02","13","23:00"
"-133.02","69.43","TUKTOYAKTUK","2203914","2012-02-14 00:00","2012","02","14","00:00"
"-133.02","69.43","TUKTOYAKTUK","2203914","2012-02-14 01:00","2012","02","14","01:00"
"-133.02","69.43","TUKTOYAKTUK","2203914","2012-02-14 02:00","2012","02","14","02:00"
"-133.02","69.43","TUKTOYAKTUK","2203914","2012-02-14 03:00","2012","02","14","03:00"
"-133.02","69.43","TUKTOYAKTUK","2203914","2012-02-14 04:00","2012","02","14","04:00"
"-133.02","69.43","TUKTOYAKTUK","2203914","2012-02-14 05:00","2012","02","14","05:00"
"-133.02","69.43","TUKTOYAKTUK","2203914","2012-02-14 06:00","2012","02","14","06:00"
"-133.02","69.43","TUKTOYAKTUK","2203914","2012-02-14 07:00","2012","02","14","07:00"
"-133.02","69.43","TUKTOYAKTUK","2203914","2012-02-14 08:00","2012","02","14","08:00"
"-133.02","69.43","TUKTOYAKTUK","2203914","2012-02-14 09:00","2012","02","14","09:00"
"-133.02","69.43","TUKTOYAKTUK","2203914","2012-02-14 10:00","2012","02","14","10:00"
"-133.02","69.43","TUKTOYAKTUK","2203914","2012-02-14 11:00","2012","02","14","11:00"
"-133.02","69.43","TUKTOYAKTUK","2203914","2012-02-14 12:00","2012","02","14","12:00"
"-133.02","69.43","TUKTOYAKTUK","2203914","2012-02-14 13:00","2012","02","14","13:00"
"-133.02","69.43","TUKTOYAKTUK","2203914","2012-02-14 14:00","2012","02","14","14:00"
"-133.02","69.43","TUKTOYAKTUK","2203914","2012-02-14 15:00","2012","02","14","15:00"
"-133.02","69.43","TUKTOYAKTUK","2203914","2012-02-14 16:00","2012","02","14","16:00"
"-133.02","69.43","TUKTOYAKTUK","2203914","2012-02-14 17:00","2012","02","14","17:00"
"-133.02","69.43","TUKTOYAKTUK","2203914","2012-02-14 18:00","2012","02","14","18:00"
"-133.02","69.43","TUKTOYAKTUK","2203914","2012-02-14 19:00","2012","02","14","19:00"
"-133.02","69.43","TUKTOYAKTUK","2203914","2012-02-14 20:00","2012","02","14","20:00"
"-133.02","69.43","TUKTOYAKTUK","2203914","2012-02-14 21:00","2012","02","14","21:00"
"-133.02","69.43","TUKTOYAKTUK","2203914","2012-02-14 22:00","2012","02","14","22:00"
"-133.02","69.43","TUKTOYAKTUK","2203914","2012-02-14 23:00","2012","02","14","23:00"
"-133.02","69.43","TUKTOYAKTUK","2203914","2012-02-15 00:00","2012","02","15","00:00"
"-133.02","69.43","TUKTOYAKTUK","2203914","2012-02-15 01:00","2012","02","15","01:00"
"-133.02","69.43","TUKTOYAKTUK","2203914","2012-02-15 02:00","2012","02","15","02:00"
"-133.02","69.43","TUKTOYAKTUK","2203914","2012-02-15 03:00","2012","02","15","03:00"
"-133.02","69.43","TUKTOYAKTUK","2203914","2012-02-15 04:00","2012","02","15","04:00"
"-133.02","69.43","TUKTOYAKTUK","2203914","2012-02-15 05:00","2012","02","15","05:00"
"-133.02","69.43","TUKTOYAKTUK","2203914","2012-02-15 06:00","2012","02","15","06:00"
"-133.02","69.43","TUKTOYAKTUK","2203914","2012-02-15 07:00","2012","02","15","07:00"
"-133.02","69.43","TUKTOYAKTUK","2203914","2012-02-15 08:00","2012","02","15","08:00"
"-133.02","69.43","TUKTOYAKTUK","2203914","2012-02-15 09:00","2012","02","15","09:00"
"-133.02","69.43","TUKTOYAKTUK","2203914","2012-02-15 10:00","2012","02","15","10:00"
"-133.02","69.43","TUKTOYAKTUK","2203914","2012-02-15 11:00","2012","02","15","11:00"
"-133.02","69.43","TUKTOYAKTUK","2203914","2012-02-15 12:00","2012","02","15","12:00"
"-133.02","69.43","TUKTOYAKTUK","2203914","2012-02-15 13:00","2012","02","15","13:00"
"-133.02","69.43","TUKTOYAKTUK","2203914","2012-02-15 14:00","2012","02","15","14:00"
"-133.02","69.43","TUKTOYAKTUK","2203914","2012-02-15 15:00","2012","02","15","15:00"
"-133.02","69.43","TUKTOYAKTUK","2203914","2012-02-15 16:00","2012","02","15","16:00"
"-133.02","69.43","TUKTOYAKTUK","2203914","2012-02-15 17:00","2012","02","15","17:00"
"-133.02","69.43","TUKTOYAKTUK","2203914","2012-02-15 18:00","2012","02","15","18:00"
"-133.02","69.43","TUKTOYAKTUK","2203914","2012-02-15 19:00","2012","02","15","19:00"
"-133.02","69.43","TUKTOYAKTUK","2203914","2012-02-15 20:00","2012","02","15","20:00"
"-133.02","69.43","TUKTOYAKTUK","2203914","2012-02-15 21:00","2012","02","15","21:00"
"-133.02","69.43","TUKTOYAKTUK","2203914","2012-02-15 22:00","2012","02","15","22:00"
"-133.02","69.43","TUKTOYAKTUK","2203914","2012-02-15 23:00","2012","02","15","23:00"
"-133.02","69.43","TUKTOYAKTUK","2203914","2012-02-16 00:00","2012","02","16","00:00"
"-133.02","69.43","TUKTOYAKTUK","2203914","2012-02-16 01:00","2012","02","16","01:00"
"-133.02","69.43","TUKTOYAKTUK","2203914","2012-02-16 02:00","2012","02","16","02:00"
"-133.02","69.43","TUKTOYAKTUK","2203914","2012-02-16 03:00","2012","02","16","03:00"
"-133.02","69.43","TUKTOYAKTUK","2203914","2012-02-16 04:00","2012","02","16","04:00"
"-133.02","69.43","TUKTOYAKTUK","2203914","2012-02-16 05:00","2012","02","16","05:00"
"-133.02","69.43","TUKTOYAKTUK","2203914","2012-02-16 06:00","2012","02","16","06:00"
"-133.02","69.43","TUKTOYAKTUK","2203914","2012-02-16 07:00","2012","02","16","07:00"
"-133.02","69.43","TUKTOYAKTUK","2203914","2012-02-16 08:00","2012","02","16","08:00"
"-133.02","69.43","TUKTOYAKTUK","2203914","2012-02-16 09:00","2012","02","16","09:00"
"-133.02","69.43","TUKTOYAKTUK","2203914","2012-02-16 10:00","2012","02","16","10:00"
"-133.02","69.43","TUKTOYAKTUK","2203914","2012-02-16 11:00","2012","02","16","11:00"
"-133.02","69.43","TUKTOYAKTUK","2203914","2012-02-16 12:00","2012","02","16","12:00"
"-133.02","69.43","TUKTOYAKTUK","2203914","2012-02-16 13:00","2012","02","16","13:00"
"-133.02","69.43","TUKTOYAKTUK","2203914","2012-02-16 14:00","2012","02","16","14:00"
"-133.02","69.43","TUKTOYAKTUK","2203914","2012-02-16 15:00","2012","02","16","15:00"
"-133.02","69.43","TUKTOYAKTUK","2203914","2012-02-16 16:00","2012","02","16","16:00"
"-133.02","69.43","TUKTOYAKTUK","2203914","2012-02-16 17:00","2012","02","16","17:00"
"-133.02","69.43","TUKTOYAKTUK","2203914","2012-02-16 18:00","2012","02","16","18:00"
"-133.02","69.43","TUKTOYAKTUK","2203914","2012-02-16 19:00","2012","02","16","19:00"
"-133.02","69.43","TUKTOYAKTUK","2203914","2012-02-16 20:00","2012","02","16","20:00"
"-133.02","69.43","TUKTOYAKTUK","2203914","2012-02-16 21:00","2012","02","16","21:00"
"-133.02","69.43","TUKTOYAKTUK","2203914","2012-02-16 22:00","2012","02","16","22:00"
"-133.02","69.43","TUKTOYAKTUK","2203914","2012-02-16 23:00","2012","02","16","23:00"
"-133.02","69.43","TUKTOYAKTUK","2203914","2012-02-17 00:00","2012","02","17","00:00"
"-133.02","69.43","TUKTOYAKTUK","2203914","2012-02-17 01:00","2012","02","17","01:00"
"-133.02","69.43","TUKTOYAKTUK","2203914","2012-02-17 02:00","2012","02","17","02:00"
"-133.02","69.43","TUKTOYAKTUK","2203914","2012-02-17 03:00","2012","02","17","03:00"
"-133.02","69.43","TUKTOYAKTUK","2203914","2012-02-17 04:00","2012","02","17","04:00"
"-133.02","69.43","TUKTOYAKTUK","2203914","2012-02-17 05:00","2012","02","17","05:00"
"-133.02","69.43","TUKTOYAKTUK","2203914","2012-02-17 06:00","2012","02","17","06:00"
"-133.02","69.43","TUKTOYAKTUK","2203914","2012-02-17 07:00","2012","02","17","07:00"
"-133.02","69.43","TUKTOYAKTUK","2203914","2012-02-17 08:00","2012","02","17","08:00"
"-133.02","69.43","TUKTOYAKTUK","2203914","2012-02-17 09:00","2012","02","17","09:00"
"-133.02","69.43","TUKTOYAKTUK","2203914","2012-02-17 10:00","2012","02","17","10:00"
"-133.02","69.43","TUKTOYAKTUK","2203914","2012-02-17 11:00","2012","02","17","11:00"
"-133.02","69.43","TUKTOYAKTUK","2203914","2012-02-17 12:00","2012","02","17","12:00"
"-133.02","69.43","TUKTOYAKTUK","2203914","2012-02-17 13:00","2012","02","17","13:00"
"-133.02","69.43","TUKTOYAKTUK","2203914","2012-02-17 14:00","2012","02","17","14:00"
"-133.02","69.43","TUKTOYAKTUK","2203914","2012-02-17 15:00","2012","02","17","15:00"
"-133.02","69.43","TUKTOYAKTUK","2203914","2012-02-17 16:00","2012","02","17","16:00"
"-133.02","69.43","TUKTOYAKTUK","2203914","2012-02-17 17:00","2012","02","17","17:00"
"-133.02","69.43","TUKTOYAKTUK","2203914","2012-02-17 18:00","2012","02","17","18:00"
"-133.02","69.43","TUKTOYAKTUK","2203914","2012-02-17 19:00","2012","02","17","19:00"
"-133.02","69.43","TUKTOYAKTUK","2203914","2012-02-17 20:00","2012","02","17","20:00"
"-133.02","69.43","TUKTOYAKTUK","2203914","2012-02-17 21:00","2012","02","17","21:00"
"-133.02","69.43","TUKTOYAKTUK","2203914","2012-02-17 22:00","2012","02","17","22:00"
"-133.02","69.43","TUKTOYAKTUK","2203914","2012-02-17 23:00","2012","02","17","23:00"
"-133.02","69.43","TUKTOYAKTUK","2203914","2012-02-18 00:00","2012","02","18","00:00"
"-133.02","69.43","TUKTOYAKTUK","2203914","2012-02-18 01:00","2012","02","18","01:00"
"-133.02","69.43","TUKTOYAKTUK","2203914","2012-02-18 02:00","2012","02","18","02:00"
"-133.02","69.43","TUKTOYAKTUK","2203914","2012-02-18 03:00","2012","02","18","03:00"
"-133.02","69.43","TUKTOYAKTUK","2203914","2012-02-18 04:00","2012","02","18","04:00"
"-133.02","69.43","TUKTOYAKTUK","2203914","2012-02-18 05:00","2012","02","18","05:00"
"-133.02","69.43","TUKTOYAKTUK","2203914","2012-02-18 06:00","2012","02","18","06:00"
"-133.02","69.43","TUKTOYAKTUK","2203914","2012-02-18 07:00","2012","02","18","07:00"
"-133.02","69.43","TUKTOYAKTUK","2203914","2012-02-18 08:00","2012","02","18","08:00"
"-133.02","69.43","TUKTOYAKTUK","2203914","2012-02-18 09:00","2012","02","18","09:00"
"-133.02","69.43","TUKTOYAKTUK","2203914","2012-02-18 10:00","2012","02","18","10:00"
"-133.02","69.43","TUKTOYAKTUK","2203914","2012-02-18 11:00","2012","02","18","11:00"
"-133.02","69.43","TUKTOYAKTUK","2203914","2012-02-18 12:00","2012","02","18","12:00"
"-133.02","69.43","TUKTOYAKTUK","2203914","2012-02-18 13:00","2012","02","18","13:00"
"-133.02","69.43","TUKTOYAKTUK","2203914","2012-02-18 14:00","2012","02","18","14:00"
"-133.02","69.43","TUKTOYAKTUK","2203914","2012-02-18 15:00","2012","02","18","15:00"
"-133.02","69.43","TUKTOYAKTUK","2203914","2012-02-18 16:00","2012","02","18","16:00"
"-133.02","69.43","TUKTOYAKTUK","2203914","2012-02-18 17:00","2012","02","18","17:00"
"-133.02","69.43","TUKTOYAKTUK","2203914","2012-02-18 18:00","2012","02","18","18:00"
"-133.02","69.43","TUKTOYAKTUK","2203914","2012-02-18 19:00","2012","02","18","19:00"
"-133.02","69.43","TUKTOYAKTUK","2203914","2012-02-18 20:00","2012","02","18","20:00"
"-133.02","69.43","TUKTOYAKTUK","2203914","2012-02-18 21:00","2012","02","18","21:00"
"-133.02","69.43","TUKTOYAKTUK","2203914","2012-02-18 22:00","2012","02","18","22:00"
"-133.02","69.43","TUKTOYAKTUK","2203914","2012-02-18 23:00","2012","02","18","23:00"
"-133.02","69.43","TUKTOYAKTUK","2203914","2012-02-19 00:00","2012","02","19","00:00"
"-133.02","69.43","TUKTOYAKTUK","2203914","2012-02-19 01:00","2012","02","19","01:00"
"-133.02","69.43","TUKTOYAKTUK","2203914","2012-02-19 02:00","2012","02","19","02:00"
"-133.02","69.43","TUKTOYAKTUK","2203914","2012-02-19 03:00","2012","02","19","03:00"
"-133.02","69.43","TUKTOYAKTUK","2203914","2012-02-19 04:00","2012","02","19","04:00"
"-133.02","69.43","TUKTOYAKTUK","2203914","2012-02-19 05:00","2012","02","19","05:00"
"-133.02","69.43","TUKTOYAKTUK","2203914","2012-02-19 06:00","2012","02","19","06:00"
"-133.02","69.43","TUKTOYAKTUK","2203914","2012-02-19 07:00","2012","02","19","07:00"
"-133.02","69.43","TUKTOYAKTUK","2203914","2012-02-19 08:00","2012","02","19","08:00"
"-133.02","69.43","TUKTOYAKTUK","2203914","2012-02-19 09:00","2012","02","19","09:00"
"-133.02","69.43","TUKTOYAKTUK","2203914","2012-02-19 10:00","2012","02","19","10:00"
"-133.02","69.43","TUKTOYAKTUK","2203914","2012-02-19 11:00","2012","02","19","11:00"
"-133.02","69.43","TUKTOYAKTUK","2203914","2012-02-19 12:00","2012","02","19","12:00"
"-133.02","69.43","TUKTOYAKTUK","2203914","2012-02-19 13:00","2012","02","19","13:00"
"-133.02","69.43","TUKTOYAKTUK","2203914","2012-02-19 14:00","2012","02","19","14:00"
"-133.02","69.43","TUKTOYAKTUK","2203914","2012-02-19 15:00","2012","02","19","15:00"
"-133.02","69.43","TUKTOYAKTUK","2203914","2012-02-19 16:00","2012","02","19","16:00"
"-133.02","69.43","TUKTOYAKTUK","2203914","2012-02-19 17:00","2012","02","19","17:00"
"-133.02","69.43","TUKTOYAKTUK","2203914","2012-02-19 18:00","2012","02","19","18:00"
"-133.02","69.43","TUKTOYAKTUK","2203914","2012-02-19 19:00","2012","02","19","19:00"
"-133.02","69.43","TUKTOYAKTUK","2203914","2012-02-19 20:00","2012","02","19","20:00"
"-133.02","69.43","TUKTOYAKTUK","2203914","2012-02-19 21:00","2012","02","19","21:00"
"-133.02","69.43","TUKTOYAKTUK","2203914","2012-02-19 22:00","2012","02","19","22:00"
"-133.02","69.43","TUKTOYAKTUK","2203914","2012-02-19 23:00","2012","02","19","23:00"
"-133.02","69.43","TUKTOYAKTUK","2203914","2012-02-20 00:00","2012","02","20","00:00"
"-133.02","69.43","TUKTOYAKTUK","2203914","2012-02-20 01:00","2012","02","20","01:00"
"-133.02","69.43","TUKTOYAKTUK","2203914","2012-02-20 02:00","2012","02","20","02:00"
"-133.02","69.43","TUKTOYAKTUK","2203914","2012-02-20 03:00","2012","02","20","03:00"
"-133.02","69.43","TUKTOYAKTUK","2203914","2012-02-20 04:00","2012","02","20","04:00"
"-133.02","69.43","TUKTOYAKTUK","2203914","2012-02-20 05:00","2012","02","20","05:00"
"-133.02","69.43","TUKTOYAKTUK","2203914","2012-02-20 06:00","2012","02","20","06:00"
"-133.02","69.43","TUKTOYAKTUK","2203914","2012-02-20 07:00","2012","02","20","07:00"
"-133.02","69.43","TUKTOYAKTUK","2203914","2012-02-20 08:00","2012","02","20","08:00"
"-133.02","69.43","TUKTOYAKTUK","2203914","2012-02-20 09:00","2012","02","20","09:00"
"-133.02","69.43","TUKTOYAKTUK","2203914","2012-02-20 10:00","2012","02","20","10:00"
"-133.02","69.43","TUKTOYAKTUK","2203914","2012-02-20 11:00","2012","02","20","11:00"
"-133.02","69.43","TUKTOYAKTUK","2203914","2012-02-20 12:00","2012","02","20","12:00"
"-133.02","69.43","TUKTOYAKTUK","2203914","2012-02-20 13:00","2012","02","20","13:00"
"-133.02","69.43","TUKTOYAKTUK","2203914","2012-02-20 14:00","2012","02","20","14:00"
"-133.02","69.43","TUKTOYAKTUK","2203914","2012-02-20 15:00","2012","02","20","15:00"
"-133.02","69.43","TUKTOYAKTUK","2203914","2012-02-20 16:00","2012","02","20","16:00"
"-133.02","69.43","TUKTOYAKTUK","2203914","2012-02-20 17:00","2012","02","20","17:00"
"-133.02","69.43","TUKTOYAKTUK","2203914","2012-02-20 18:00","2012","02","20","18:00"
"-133.02","69.43","TUKTOYAKTUK","2203914","2012-02-20 19:00","2012","02","20","19:00"
"-133.02","69.43","TUKTOYAKTUK","2203914","2012-02-20 20:00","2012","02","20","20:00"
"-133.02","69.43","TUKTOYAKTUK","2203914","2012-02-20 21:00","2012","02","20","21:00"
"-133.02","69.43","TUKTOYAKTUK","2203914","2012-02-20 22:00","2012","02","20","22:00"
"-133.02","69.43","TUKTOYAKTUK","2203914","2012-02-20 23:00","2012","02","20","23:00"
"-133.02","69.43","TUKTOYAKTUK","2203914","2012-02-21 00:00","2012","02","21","00:00"
"-133.02","69.43","TUKTOYAKTUK","2203914","2012-02-21 01:00","2012","02","21","01:00"
"-133.02","69.43","TUKTOYAKTUK","2203914","2012-02-21 02:00","2012","02","21","02:00"
"-133.02","69.43","TUKTOYAKTUK","2203914","2012-02-21 03:00","2012","02","21","03:00"
"-133.02","69.43","TUKTOYAKTUK","2203914","2012-02-21 04:00","2012","02","21","04:00"
"-133.02","69.43","TUKTOYAKTUK","2203914","2012-02-21 05:00","2012","02","21","05:00"
"-133.02","69.43","TUKTOYAKTUK","2203914","2012-02-21 06:00","2012","02","21","06:00"
"-133.02","69.43","TUKTOYAKTUK","2203914","2012-02-21 07:00","2012","02","21","07:00"
"-133.02","69.43","TUKTOYAKTUK","2203914","2012-02-21 08:00","2012","02","21","08:00"
"-133.02","69.43","TUKTOYAKTUK","2203914","2012-02-21 09:00","2012","02","21","09:00"
"-133.02","69.43","TUKTOYAKTUK","2203914","2012-02-21 10:00","2012","02","21","10:00"
"-133.02","69.43","TUKTOYAKTUK","2203914","2012-02-21 11:00","2012","02","21","11:00"
"-133.02","69.43","TUKTOYAKTUK","2203914","2012-02-21 12:00","2012","02","21","12:00"
"-133.02","69.43","TUKTOYAKTUK","2203914","2012-02-21 13:00","2012","02","21","13:00"
"-133.02","69.43","TUKTOYAKTUK","2203914","2012-02-21 14:00","2012","02","21","14:00"
"-133.02","69.43","TUKTOYAKTUK","2203914","2012-02-21 15:00","2012","02","21","15:00"
"-133.02","69.43","TUKTOYAKTUK","2203914","2012-02-21 16:00","2012","02","21","16:00"
"-133.02","69.43","TUKTOYAKTUK","2203914","2012-02-21 17:00","2012","02","21","17:00"
"-133.02","69.43","TUKTOYAKTUK","2203914","2012-02-21 18:00","2012","02","21","18:00"
"-133.02","69.43","TUKTOYAKTUK","2203914","2012-02-21 19:00","2012","02","21","19:00"
"-133.02","69.43","TUKTOYAKTUK","2203914","2012-02-21 20:00","2012","02","21","20:00"
"-133.02","69.43","TUKTOYAKTUK","2203914","2012-02-21 21:00","2012","02","21","21:00"
"-133.02","69.43","TUKTOYAKTUK","2203914","2012-02-21 22:00","2012","02","21","22:00"
"-133.02","69.43","TUKTOYAKTUK","2203914","2012-02-21 23:00","2012","02","21","23:00"
"-133.02","69.43","TUKTOYAKTUK","2203914","2012-02-22 00:00","2012","02","22","00:00"
"-133.02","69.43","TUKTOYAKTUK","2203914","2012-02-22 01:00","2012","02","22","01:00"
"-133.02","69.43","TUKTOYAKTUK","2203914","2012-02-22 02:00","2012","02","22","02:00"
"-133.02","69.43","TUKTOYAKTUK","2203914","2012-02-22 03:00","2012","02","22","03:00"
"-133.02","69.43","TUKTOYAKTUK","2203914","2012-02-22 04:00","2012","02","22","04:00"
"-133.02","69.43","TUKTOYAKTUK","2203914","2012-02-22 05:00","2012","02","22","05:00"
"-133.02","69.43","TUKTOYAKTUK","2203914","2012-02-22 06:00","2012","02","22","06:00"
"-133.02","69.43","TUKTOYAKTUK","2203914","2012-02-22 07:00","2012","02","22","07:00"
"-133.02","69.43","TUKTOYAKTUK","2203914","2012-02-22 08:00","2012","02","22","08:00"
"-133.02","69.43","TUKTOYAKTUK","2203914","2012-02-22 09:00","2012","02","22","09:00"
"-133.02","69.43","TUKTOYAKTUK","2203914","2012-02-22 10:00","2012","02","22","10:00"
"-133.02","69.43","TUKTOYAKTUK","2203914","2012-02-22 11:00","2012","02","22","11:00"
"-133.02","69.43","TUKTOYAKTUK","2203914","2012-02-22 12:00","2012","02","22","12:00"
"-133.02","69.43","TUKTOYAKTUK","2203914","2012-02-22 13:00","2012","02","22","13:00"
"-133.02","69.43","TUKTOYAKTUK","2203914","2012-02-22 14:00","2012","02","22","14:00"
"-133.02","69.43","TUKTOYAKTUK","2203914","2012-02-22 15:00","2012","02","22","15:00"
"-133.02","69.43","TUKTOYAKTUK","2203914","2012-02-22 16:00","2012","02","22","16:00"
"-133.02","69.43","TUKTOYAKTUK","2203914","2012-02-22 17:00","2012","02","22","17:00"
"-133.02","69.43","TUKTOYAKTUK","2203914","2012-02-22 18:00","2012","02","22","18:00"
"-133.02","69.43","TUKTOYAKTUK","2203914","2012-02-22 19:00","2012","02","22","19:00"
"-133.02","69.43","TUKTOYAKTUK","2203914","2012-02-22 20:00","2012","02","22","20:00"
"-133.02","69.43","TUKTOYAKTUK","2203914","2012-02-22 21:00","2012","02","22","21:00"
"-133.02","69.43","TUKTOYAKTUK","2203914","2012-02-22 22:00","2012","02","22","22:00"
"-133.02","69.43","TUKTOYAKTUK","2203914","2012-02-22 23:00","2012","02","22","23:00"
"-133.02","69.43","TUKTOYAKTUK","2203914","2012-02-23 00:00","2012","02","23","00:00"
"-133.02","69.43","TUKTOYAKTUK","2203914","2012-02-23 01:00","2012","02","23","01:00"
"-133.02","69.43","TUKTOYAKTUK","2203914","2012-02-23 02:00","2012","02","23","02:00"
"-133.02","69.43","TUKTOYAKTUK","2203914","2012-02-23 03:00","2012","02","23","03:00"
"-133.02","69.43","TUKTOYAKTUK","2203914","2012-02-23 04:00","2012","02","23","04:00"
"-133.02","69.43","TUKTOYAKTUK","2203914","2012-02-23 05:00","2012","02","23","05:00"
"-133.02","69.43","TUKTOYAKTUK","2203914","2012-02-23 06:00","2012","02","23","06:00"
"-133.02","69.43","TUKTOYAKTUK","2203914","2012-02-23 07:00","2012","02","23","07:00"
"-133.02","69.43","TUKTOYAKTUK","2203914","2012-02-23 08:00","2012","02","23","08:00"
"-133.02","69.43","TUKTOYAKTUK","2203914","2012-02-23 09:00","2012","02","23","09:00"
"-133.02","69.43","TUKTOYAKTUK","2203914","2012-02-23 10:00","2012","02","23","10:00"
"-133.02","69.43","TUKTOYAKTUK","2203914","2012-02-23 11:00","2012","02","23","11:00"
"-133.02","69.43","TUKTOYAKTUK","2203914","2012-02-23 12:00","2012","02","23","12:00"
"-133.02","69.43","TUKTOYAKTUK","2203914","2012-02-23 13:00","2012","02","23","13:00","-27.4","","-30.0","","78","","","","","","0","","","","102.43","","","","","","NA"
"-133.02","69.43","TUKTOYAKTUK","2203914","2012-02-23 14:00","2012","02","23","14:00","-29.7","","-32.8","","74","","","","","","0","","","","102.48","","","","","","NA"
"-133.02","69.43","TUKTOYAKTUK","2203914","2012-02-23 15:00","2012","02","23","15:00","-30.5","","-34.6","","67","","","","","","0","","","","102.53","","","","","","NA"
"-133.02","69.43","TUKTOYAKTUK","2203914","2012-02-23 16:00","2012","02","23","16:00","-31.2","","-35.3","","67","","","","","","0","","","","102.57","","","","","","NA"
"-133.02","69.43","TUKTOYAKTUK","2203914","2012-02-23 17:00","2012","02","23","17:00","-32.3","","-36.4","","67","","","","","","0","","","","102.60","","","","","","NA"
"-133.02","69.43","TUKTOYAKTUK","2203914","2012-02-23 18:00","2012","02","23","18:00","-34.3","","-38.3","","67","","","","","","0","","","","102.62","","","","","","NA"
"-133.02","69.43","TUKTOYAKTUK","2203914","2012-02-23 19:00","2012","02","23","19:00","-35.6","","-39.4","","68","","","","","","0","","","","102.65","","","","","","NA"
"-133.02","69.43","TUKTOYAKTUK","2203914","2012-02-23 20:00","2012","02","23","20:00","-36.1","","-40.0","","67","","","","","","0","","","","102.68","","","","","","NA"
"-133.02","69.43","TUKTOYAKTUK","2203914","2012-02-23 21:00","2012","02","23","21:00","-36.6","","-40.6","","66","","","","28","","2","","","","102.73","","","","-39","","NA"
"-133.02","69.43","TUKTOYAKTUK","2203914","2012-02-23 22:00","2012","02","23","22:00","-36.0","","-39.8","","68","","","","","","0","","","","102.77","","","","","","NA"
"-133.02","69.43","TUKTOYAKTUK","2203914","2012-02-23 23:00","2012","02","23","23:00","-36.4","","-40.4","","66","","","","","","0","","","","102.79","","","","","","NA"
"-133.02","69.43","TUKTOYAKTUK","2203914","2012-02-24 00:00","2012","02","24","00:00","-36.6","","-40.5","","67","","","","","","0","","","","102.81","","","","","","NA"
"-133.02","69.43","TUKTOYAKTUK","2203914","2012-02-24 01:00","2012","02","24","01:00","-37.0","","-41.0","","66","","","","","","0","","","","102.86","","","","","","NA"
"-133.02","69.43","TUKTOYAKTUK","2203914","2012-02-24 02:00","2012","02","24","02:00","-36.4","","-40.4","","66","","","","","","0","","","","102.90","","","","","","NA"
"-133.02","69.43","TUKTOYAKTUK","2203914","2012-02-24 03:00","2012","02","24","03:00","-35.8","","-39.7","","67","","","","","","0","","","","102.95","","","","","","NA"
"-133.02","69.43","TUKTOYAKTUK","2203914","2012-02-24 04:00","2012","02","24","04:00","-34.9","","-38.7","","68","","","","26","","4","","","","102.98","","","","-40","","NA"
"-133.02","69.43","TUKTOYAKTUK","2203914","2012-02-24 05:00","2012","02","24","05:00","-35.0","","-38.8","","68","","","","26","","6","","","","103.02","","","","-42","","NA"
"-133.02","69.43","TUKTOYAKTUK","2203914","2012-02-24 06:00","2012","02","24","06:00","-35.1","","-38.8","","69","","","","27","","2","","","","103.03","","","","-38","","NA"
"-133.02","69.43","TUKTOYAKTUK","2203914","2012-02-24 07:00","2012","02","24","07:00","-34.7","","-38.4","","69","","","","26","","4","","","","103.04","","","","-40","","NA"
"-133.02","69.43","TUKTOYAKTUK","2203914","2012-02-24 08:00","2012","02","24","08:00","-33.1","","-36.6","","71","","","","26","","4","","","","103.06","","","","-38","","NA"
"-133.02","69.43","TUKTOYAKTUK","2203914","2012-02-24 09:00","2012","02","24","09:00","-32.8","","-36.3","","71","","","","26","","4","","","","103.08","","","","-38","","NA"
"-133.02","69.43","TUKTOYAKTUK","2203914","2012-02-24 10:00","2012","02","24","10:00","-33.7","","-37.4","","69","","","","25","","6","","","","103.10","","","","-41","","NA"
"-133.02","69.43","TUKTOYAKTUK","2203914","2012-02-24 11:00","2012","02","24","11:00","-34.3","","-38.0","","69","","","","25","","6","","","","103.13","","","","-41","","NA"
"-133.02","69.43","TUKTOYAKTUK","2203914","2012-02-24 12:00","2012","02","24","12:00","-32.6","","-36.3","","69","","","","24","","4","","","","103.16","","","","-37","","NA"
"-133.02","69.43","TUKTOYAKTUK","2203914","2012-02-24 13:00","2012","02","24","13:00","-31.9","","-35.9","","68","","","","24","","4","","","","103.16","","","","-37","","NA"
"-133.02","69.43","TUKTOYAKTUK","2203914","2012-02-24 14:00","2012","02","24","14:00","-31.3","","-35.6","","66","","","","24","","6","","","","103.19","","","","-38","","NA"
"-133.02","69.43","TUKTOYAKTUK","2203914","2012-02-24 15:00","2012","02","24","15:00","-30.5","","-34.7","","67","","","","23","","6","","","","103.20","","","","-37","","NA"
"-133.02","69.43","TUKTOYAKTUK","2203914","2012-02-24 16:00","2012","02","24","16:00","-31.2","","-35.2","","68","","","","23","","6","","","","103.22","","","","-38","","NA"
"-133.02","69.43","TUKTOYAKTUK","2203914","2012-02-24 17:00","2012","02","24","17:00","-31.8","","-35.7","","68","","","","23","","7","","","","103.21","","","","-39","","NA"
"-133.02","69.43","TUKTOYAKTUK","2203914","2012-02-24 18:00","2012","02","24","18:00","-33.3","","-36.9","","70","","","","22","","7","","","","103.22","","","","-41","","NA"
"-133.02","69.43","TUKTOYAKTUK","2203914","2012-02-24 19:00","2012","02","24","19:00","-34.0","","-37.5","","71","","","","22","","7","","","","103.19","","","","-42","","NA"
"-133.02","69.43","TUKTOYAKTUK","2203914","2012-02-24 20:00","2012","02","24","20:00","-34.9","","-38.5","","70","","","","20","","6","","","","103.21","","","","-42","","NA"
"-133.02","69.43","TUKTOYAKTUK","2203914","2012-02-24 21:00","2012","02","24","21:00","-34.9","","-38.5","","70","","","","20","","6","","","","103.21","","","","-42","","NA"
"-133.02","69.43","TUKTOYAKTUK","2203914","2012-02-24 22:00","2012","02","24","22:00","-33.6","","-37.1","","71","","","","21","","6","","","","103.19","","","","-41","","NA"
"-133.02","69.43","TUKTOYAKTUK","2203914","2012-02-24 23:00","2012","02","24","23:00","-31.5","","-34.8","","73","","","","20","","6","","","","103.18","","","","-38","","NA"
"-133.02","69.43","TUKTOYAKTUK","2203914","2012-02-25 00:00","2012","02","25","00:00","-30.8","","-34.1","","73","","","","20","","4","","","","103.19","","","","-35","","NA"
"-133.02","69.43","TUKTOYAKTUK","2203914","2012-02-25 01:00","2012","02","25","01:00","-29.9","","-33.0","","74","","","","20","","6","","","","103.20","","","","-36","","NA"
"-133.02","69.43","TUKTOYAKTUK","2203914","2012-02-25 02:00","2012","02","25","02:00","-29.6","","-32.8","","74","","","","25","","6","","","","103.20","","","","-36","","NA"
"-133.02","69.43","TUKTOYAKTUK","2203914","2012-02-25 03:00","2012","02","25","03:00","-29.5","","-32.6","","74","","","","26","","7","","","","103.21","","","","-37","","NA"
"-133.02","69.43","TUKTOYAKTUK","2203914","2012-02-25 04:00","2012","02","25","04:00","-30.6","","-33.9","","73","","","","27","","9","","","","103.22","","","","-39","","NA"
"-133.02","69.43","TUKTOYAKTUK","2203914","2012-02-25 05:00","2012","02","25","05:00","-30.7","","-33.9","","73","","","","25","","7","","","","103.21","","","","-38","","NA"
"-133.02","69.43","TUKTOYAKTUK","2203914","2012-02-25 06:00","2012","02","25","06:00","-30.6","","-33.8","","73","","","","26","","6","","","","103.20","","","","-37","","NA"
"-133.02","69.43","TUKTOYAKTUK","2203914","2012-02-25 07:00","2012","02","25","07:00","-30.3","","-33.5","","74","","","","22","","4","","","","103.20","","","","-35","","NA"
"-133.02","69.43","TUKTOYAKTUK","2203914","2012-02-25 08:00","2012","02","25","08:00","-30.2","","-33.4","","74","","","","23","","6","","","","103.18","","","","-37","","NA"
"-133.02","69.43","TUKTOYAKTUK","2203914","2012-02-25 09:00","2012","02","25","09:00","-30.6","","-33.8","","73","","","","23","","6","","","","103.17","","","","-37","","NA"
"-133.02","69.43","TUKTOYAKTUK","2203914","2012-02-25 10:00","2012","02","25","10:00","-31.4","","-34.7","","73","","","","22","","6","","","","103.17","","","","-38","","NA"
"-133.02","69.43","TUKTOYAKTUK","2203914","2012-02-25 11:00","2012","02","25","11:00","-30.9","","-34.2","","73","","","","19","","4","","","","103.17","","","","-35","","NA"
"-133.02","69.43","TUKTOYAKTUK","2203914","2012-02-25 12:00","2012","02","25","12:00","-29.5","","-32.7","","74","","","","21","","2","","","","103.16","","","","-32","","NA"
"-133.02","69.43","TUKTOYAKTUK","2203914","2012-02-25 13:00","2012","02","25","13:00","-30.2","","-33.4","","74","","","","","","0","","","","103.13","","","","","","NA"
"-133.02","69.43","TUKTOYAKTUK","2203914","2012-02-25 14:00","2012","02","25","14:00","-28.1","","-31.3","","74","","","","","","0","","","","103.12","","","","","","NA"
"-133.02","69.43","TUKTOYAKTUK","2203914","2012-02-25 15:00","2012","02","25","15:00","-27.9","","-31.4","","72","","","","","","0","","","","103.12","","","","","","NA"
"-133.02","69.43","TUKTOYAKTUK","2203914","2012-02-25 16:00","2012","02","25","16:00","-29.9","","-33.4","","72","","","","","","0","","","","103.07","","","","","","NA"
"-133.02","69.43","TUKTOYAKTUK","2203914","2012-02-25 17:00","2012","02","25","17:00","-29.2","","-32.4","","74","","","","","","0","","","","103.03","","","","","","NA"
"-133.02","69.43","TUKTOYAKTUK","2203914","2012-02-25 18:00","2012","02","25","18:00","-29.5","","-32.7","","74","","","","","","0","","","","103.00","","","","","","NA"
"-133.02","69.43","TUKTOYAKTUK","2203914","2012-02-25 19:00","2012","02","25","19:00","-29.1","","-32.1","","75","","","","","","0","","","","102.96","","","","","","NA"
"-133.02","69.43","TUKTOYAKTUK","2203914","2012-02-25 20:00","2012","02","25","20:00","-28.6","","-31.7","","75","","","","6","","6","","","","102.91","","","","-35","","NA"
"-133.02","69.43","TUKTOYAKTUK","2203914","2012-02-25 21:00","2012","02","25","21:00","-28.4","","-31.4","","75","","","","6","","4","","","","102.87","","","","-33","","NA"
"-133.02","69.43","TUKTOYAKTUK","2203914","2012-02-25 22:00","2012","02","25","22:00","-28.1","","-31.0","","76","","","","7","","6","","","","102.82","","","","-34","","NA"
"-133.02","69.43","TUKTOYAKTUK","2203914","2012-02-25 23:00","2012","02","25","23:00","-28.1","","-31.1","","75","","","","10","","4","","","","102.78","","","","-32","","NA"
"-133.02","69.43","TUKTOYAKTUK","2203914","2012-02-26 00:00","2012","02","26","00:00","-28.3","","-31.4","","75","","","","8","","2","","","","102.73","","","","-30","","NA"
"-133.02","69.43","TUKTOYAKTUK","2203914","2012-02-26 01:00","2012","02","26","01:00","-28.5","","-31.5","","75","","","","8","","2","","","","102.68","","","","-31","","NA"
"-133.02","69.43","TUKTOYAKTUK","2203914","2012-02-26 02:00","2012","02","26","02:00","-28.6","","-31.6","","75","","","","","","0","","","","102.63","","","","","","NA"
"-133.02","69.43","TUKTOYAKTUK","2203914","2012-02-26 03:00","2012","02","26","03:00","-28.9","","-32.0","","75","","","","","","0","","","","102.60","","","","","","NA"
"-133.02","69.43","TUKTOYAKTUK","2203914","2012-02-26 04:00","2012","02","26","04:00","-30.9","","-34.2","","73","","","","","","0","","","","102.54","","","","","","NA"
"-133.02","69.43","TUKTOYAKTUK","2203914","2012-02-26 05:00","2012","02","26","05:00","-33.0","","-36.5","","71","","","","","","0","","","","102.49","","","","","","NA"
"-133.02","69.43","TUKTOYAKTUK","2203914","2012-02-26 06:00","2012","02","26","06:00","-35.7","","-39.3","","69","","","","","","0","","","","102.39","","","","","","NA"
"-133.02","69.43","TUKTOYAKTUK","2203914","2012-02-26 07:00","2012","02","26","07:00","-37.8","","-41.6","","67","","","","24","","6","","","","102.35","","","","-45","","NA"
"-133.02","69.43","TUKTOYAKTUK","2203914","2012-02-26 08:00","2012","02","26","08:00","-38.4","","-42.4","","66","","","","24","","6","","","","102.28","","","","-46","","NA"
"-133.02","69.43","TUKTOYAKTUK","2203914","2012-02-26 09:00","2012","02","26","09:00","-38.5","","-42.6","","65","","","","21","","6","","","","102.21","","","","-46","","NA"
"-133.02","69.43","TUKTOYAKTUK","2203914","2012-02-26 10:00","2012","02","26","10:00","-38.6","","-42.8","","64","","","","","","0","","","","102.14","","","","","","NA"
"-133.02","69.43","TUKTOYAKTUK","2203914","2012-02-26 11:00","2012","02","26","11:00","-38.1","","-42.3","","65","","","","19","","4","","","","102.09","","","","-43","","NA"
"-133.02","69.43","TUKTOYAKTUK","2203914","2012-02-26 12:00","2012","02","26","12:00","-37.6","","-41.8","","65","","","","18","","4","","","","102.04","","","","-43","","NA"
"-133.02","69.43","TUKTOYAKTUK","2203914","2012-02-26 13:00","2012","02","26","13:00","-36.7","","-40.8","","66","","","","15","","2","","","","101.96","","","","-39","","NA"
"-133.02","69.43","TUKTOYAKTUK","2203914","2012-02-26 14:00","2012","02","26","14:00","-35.0","","-38.9","","68","","","","","","0","","","","101.91","","","","","","NA"
"-133.02","69.43","TUKTOYAKTUK","2203914","2012-02-26 15:00","2012","02","26","15:00","-34.5","","-38.6","","66","","","","","","0","","","","101.83","","","","","","NA"
"-133.02","69.43","TUKTOYAKTUK","2203914","2012-02-26 16:00","2012","02","26","16:00","-33.8","","-37.9","","66","","","","","","0","","","","101.73","","","","","","NA"
"-133.02","69.43","TUKTOYAKTUK","2203914","2012-02-26 17:00","2012","02","26","17:00","-35.1","","-39.5","","64","","","","","","0","","","","101.67","","","","","","NA"
"-133.02","69.43","TUKTOYAKTUK","2203914","2012-02-26 18:00","2012","02","26","18:00","-37.5","","-41.9","","63","","","","","","0","","","","101.59","","","","","","NA"
"-133.02","69.43","TUKTOYAKTUK","2203914","2012-02-26 19:00","2012","02","26","19:00","-38.9","","-43.1","","64","","","","9","","2","","","","101.53","","","","-42","","NA"
"-133.02","69.43","TUKTOYAKTUK","2203914","2012-02-26 20:00","2012","02","26","20:00","-38.6","","-42.8","","64","","","","9","","4","","","","101.46","","","","-44","","NA"
"-133.02","69.43","TUKTOYAKTUK","2203914","2012-02-26 21:00","2012","02","26","21:00","-38.5","","-42.6","","65","","","","9","","6","","","","101.39","","","","-46","","NA"
"-133.02","69.43","TUKTOYAKTUK","2203914","2012-02-26 22:00","2012","02","26","22:00","-38.2","","-42.3","","65","","","","8","","4","","","","101.35","","","","-44","","NA"
"-133.02","69.43","TUKTOYAKTUK","2203914","2012-02-26 23:00","2012","02","26","23:00","-37.6","","-41.6","","66","","","","8","","2","","","","101.32","","","","-40","","NA"
"-133.02","69.43","TUKTOYAKTUK","2203914","2012-02-27 00:00","2012","02","27","00:00","-37.0","","-41.1","","66","","","","7","","4","","","","101.25","","","","-42","","NA"
"-133.02","69.43","TUKTOYAKTUK","2203914","2012-02-27 01:00","2012","02","27","01:00","-35.7","","-39.5","","68","","","","6","","4","","","","101.25","","","","-41","","NA"
"-133.02","69.43","TUKTOYAKTUK","2203914","2012-02-27 02:00","2012","02","27","02:00","-36.3","","-40.2","","67","","","","6","","4","","","","101.25","","","","-41","","NA"
"-133.02","69.43","TUKTOYAKTUK","2203914","2012-02-27 03:00","2012","02","27","03:00","-35.7","","-39.6","","67","","","","5","","7","","","","101.21","","","","-44","","NA"
"-133.02","69.43","TUKTOYAKTUK","2203914","2012-02-27 04:00","2012","02","27","04:00","-35.7","","-39.5","","68","","","","6","","6","","","","101.23","","","","-43","","NA"
"-133.02","69.43","TUKTOYAKTUK","2203914","2012-02-27 05:00","2012","02","27","05:00","-34.5","","-38.1","","70","","","","6","","6","","","","101.23","","","","-42","","NA"
"-133.02","69.43","TUKTOYAKTUK","2203914","2012-02-27 06:00","2012","02","27","06:00","-33.9","","-37.5","","70","","","","5","","7","","","","101.24","","","","-42","","NA"
"-133.02","69.43","TUKTOYAKTUK","2203914","2012-02-27 07:00","2012","02","27","07:00","-33.4","","-37.0","","70","","","","5","","9","","","","101.25","","","","-43","","NA"
"-133.02","69.43","TUKTOYAKTUK","2203914","2012-02-27 08:00","2012","02","27","08:00","-33.1","","-36.7","","70","","","","5","","9","","","","101.27","","","","-42","","NA"
"-133.02","69.43","TUKTOYAKTUK","2203914","2012-02-27 09:00","2012","02","27","09:00","-32.1","","-35.5","","72","","","","3","","7","","","","101.34","","","","-40","","NA"
"-133.02","69.43","TUKTOYAKTUK","2203914","2012-02-27 10:00","2012","02","27","10:00","-31.6","","-35.0","","72","","","","3","","15","","","","101.31","","","","-43","","NA"
"-133.02","69.43","TUKTOYAKTUK","2203914","2012-02-27 11:00","2012","02","27","11:00","-30.9","","-34.2","","73","","","","2","","11","","","","101.42","","","","-41","","NA"
"-133.02","69.43","TUKTOYAKTUK","2203914","2012-02-27 12:00","2012","02","27","12:00","-30.0","","-33.2","","74","","","","2","","9","","","","101.48","","","","-39","","NA"
"-133.02","69.43","TUKTOYAKTUK","2203914","2012-02-27 13:00","2012","02","27","13:00","-29.3","","-32.4","","74","","","","35","","9","","","","101.56","","","","-38","","NA"
"-133.02","69.43","TUKTOYAKTUK","2203914","2012-02-27 14:00","2012","02","27","14:00","-28.9","","-32.1","","74","","","","35","","11","","","","101.63","","","","-38","","NA"
"-133.02","69.43","TUKTOYAKTUK","2203914","2012-02-27 15:00","2012","02","27","15:00","-28.7","","-31.8","","75","","","","36","","17","","","","101.66","","","","-41","","NA"
"-133.02","69.43","TUKTOYAKTUK","2203914","2012-02-27 16:00","2012","02","27","16:00","-28.5","","-31.7","","74","","","","36","","13","","","","101.76","","","","-39","","NA"
"-133.02","69.43","TUKTOYAKTUK","2203914","2012-02-27 17:00","2012","02","27","17:00","-29.0","","-32.2","","74","","","","36","","11","","","","101.84","","","","-38","","NA"
"-133.02","69.43","TUKTOYAKTUK","2203914","2012-02-27 18:00","2012","02","27","18:00","-29.9","","-33.1","","74","","","","36","","13","","","","101.89","","","","-40","","NA"
"-133.02","69.43","TUKTOYAKTUK","2203914","2012-02-27 19:00","2012","02","27","19:00","-30.7","","-34.0","","73","","","","35","","13","","","","101.99","","","","-41","","NA"
"-133.02","69.43","TUKTOYAKTUK","2203914","2012-02-27 20:00","2012","02","27","20:00","-29.9","","-33.2","","73","","","","35","","13","","","","102.05","","","","-40","","NA"
"-133.02","69.43","TUKTOYAKTUK","2203914","2012-02-27 21:00","2012","02","27","21:00","-31.4","","-34.8","","72","","","","35","","13","","","","102.16","","","","-42","","NA"
"-133.02","69.43","TUKTOYAKTUK","2203914","2012-02-27 22:00","2012","02","27","22:00","-32.1","","-35.5","","72","","","","35","","13","","","","102.24","","","","-43","","NA"
"-133.02","69.43","TUKTOYAKTUK","2203914","2012-02-27 23:00","2012","02","27","23:00","-33.3","","-36.9","","70","","","","35","","13","","","","102.32","","","","-45","","NA"
"-133.02","69.43","TUKTOYAKTUK","2203914","2012-02-28 00:00","2012","02","28","00:00","-33.9","","-37.6","","69","","","","33","","11","","","","102.42","","","","-44","","NA"
"-133.02","69.43","TUKTOYAKTUK","2203914","2012-02-28 01:00","2012","02","28","01:00","-34.5","","-38.2","","69","","","","33","","9","","","","102.51","","","","-44","","NA"
"-133.02","69.43","TUKTOYAKTUK","2203914","2012-02-28 02:00","2012","02","28","02:00","-34.8","","-38.6","","68","","","","33","","9","","","","102.58","","","","-44","","NA"
"-133.02","69.43","TUKTOYAKTUK","2203914","2012-02-28 03:00","2012","02","28","03:00","-35.2","","-39.1","","67","","","","31","","7","","","","102.65","","","","-43","","NA"
"-133.02","69.43","TUKTOYAKTUK","2203914","2012-02-28 04:00","2012","02","28","04:00","-37.1","","-41.2","","66","","","","30","","9","","","","102.74","","","","-47","","NA"
"-133.02","69.43","TUKTOYAKTUK","2203914","2012-02-28 05:00","2012","02","28","05:00","-36.1","","-40.0","","67","","","","31","","11","","","","102.79","","","","-47","","NA"
"-133.02","69.43","TUKTOYAKTUK","2203914","2012-02-28 06:00","2012","02","28","06:00","-36.3","","-40.3","","66","","","","32","","9","","","","102.85","","","","-46","","NA"
"-133.02","69.43","TUKTOYAKTUK","2203914","2012-02-28 07:00","2012","02","28","07:00","-36.4","","-40.3","","67","","","","32","","11","","","","102.91","","","","-47","","NA"
"-133.02","69.43","TUKTOYAKTUK","2203914","2012-02-28 08:00","2012","02","28","08:00","-36.6","","-40.6","","66","","","","31","","13","","","","102.97","","","","-49","","NA"
"-133.02","69.43","TUKTOYAKTUK","2203914","2012-02-28 09:00","2012","02","28","09:00","-36.6","","-40.7","","66","","","","32","","11","","","","103.00","","","","-48","","NA"
"-133.02","69.43","TUKTOYAKTUK","2203914","2012-02-28 10:00","2012","02","28","10:00","-37.4","","-41.5","","65","","","","30","","9","","","","103.05","","","","-47","","NA"
"-133.02","69.43","TUKTOYAKTUK","2203914","2012-02-28 11:00","2012","02","28","11:00","-37.1","","-41.3","","65","","","","29","","9","","","","103.09","","","","-47","","NA"
"-133.02","69.43","TUKTOYAKTUK","2203914","2012-02-28 12:00","2012","02","28","12:00","-36.1","","-40.2","","66","","","","28","","9","","","","103.11","","","","-46","","NA"
"-133.02","69.43","TUKTOYAKTUK","2203914","2012-02-28 13:00","2012","02","28","13:00","-35.7","","-40.0","","65","","","","29","","11","","","","103.11","","","","-47","","NA"
"-133.02","69.43","TUKTOYAKTUK","2203914","2012-02-28 14:00","2012","02","28","14:00","-34.6","","-38.8","","66","","","","29","","11","","","","103.13","","","","-45","","NA"
"-133.02","69.43","TUKTOYAKTUK","2203914","2012-02-28 15:00","2012","02","28","15:00","-32.8","","-37.0","","66","","","","29","","13","","","","103.12","","","","-44","","NA"
"-133.02","69.43","TUKTOYAKTUK","2203914","2012-02-28 16:00","2012","02","28","16:00","-33.8","","-38.0","","66","","","","29","","13","","","","103.10","","","","-45","","NA"
"-133.02","69.43","TUKTOYAKTUK","2203914","2012-02-28 17:00","2012","02","28","17:00","-34.2","","-38.4","","66","","","","28","","13","","","","103.08","","","","-46","","NA"
"-133.02","69.43","TUKTOYAKTUK","2203914","2012-02-28 18:00","2012","02","28","18:00","-35.1","","-39.2","","66","","","","28","","11","","","","103.06","","","","-46","","NA"
"-133.02","69.43","TUKTOYAKTUK","2203914","2012-02-28 19:00","2012","02","28","19:00","-37.0","","-41.2","","65","","","","27","","9","","","","103.10","","","","-47","","NA"
"-133.02","69.43","TUKTOYAKTUK","2203914","2012-02-28 20:00","2012","02","28","20:00","-37.0","","-41.1","","66","","","","27","","13","","","","103.04","","","","-49","","NA"
"-133.02","69.43","TUKTOYAKTUK","2203914","2012-02-28 21:00","2012","02","28","21:00","-37.4","","-41.5","","65","","","","26","","11","","","","103.05","","","","-49","","NA"
"-133.02","69.43","TUKTOYAKTUK","2203914","2012-02-28 22:00","2012","02","28","22:00","-37.3","","-41.3","","66","","","","26","","15","","","","103.00","","","","-50","","NA"
"-133.02","69.43","TUKTOYAKTUK","2203914","2012-02-28 23:00","2012","02","28","23:00","-37.6","","-41.7","","65","","","","27","","11","","","","103.01","","","","-49","","NA"
"-133.02","69.43","TUKTOYAKTUK","2203914","2012-02-29 00:00","2012","02","29","00:00","-36.9","","-41.0","","66","","","","28","","11","","","","103.00","","","","-48","","NA"
"-133.02","69.43","TUKTOYAKTUK","2203914","2012-02-29 01:00","2012","02","29","01:00","-37.8","","-42.0","","65","","","","28","","9","","","","102.99","","","","-48","","NA"
"-133.02","69.43","TUKTOYAKTUK","2203914","2012-02-29 02:00","2012","02","29","02:00","-39.1","","-43.4","","64","","","","28","","7","","","","102.98","","","","-48","","NA"
"-133.02","69.43","TUKTOYAKTUK","2203914","2012-02-29 03:00","2012","02","29","03:00","-38.7","","-43.0","","64","","","","27","","7","","","","103.00","","","","-47","","NA"
"-133.02","69.43","TUKTOYAKTUK","2203914","2012-02-29 04:00","2012","02","29","04:00","-38.9","","-43.3","","63","","","","27","","11","","","","102.99","","","","-50","","NA"
"-133.02","69.43","TUKTOYAKTUK","2203914","2012-02-29 05:00","2012","02","29","05:00","-39.2","","-43.6","","63","","","","26","","9","","","","102.98","","","","-49","","NA"
"-133.02","69.43","TUKTOYAKTUK","2203914","2012-02-29 06:00","2012","02","29","06:00","-38.7","","-43.2","","62","","","","26","","11","","","","102.95","","","","-50","","NA"
"-133.02","69.43","TUKTOYAKTUK","2203914","2012-02-29 07:00","2012","02","29","07:00","-40.2","","-44.7","","62","","","","26","","9","","","","102.93","","","","-51","","NA"
"-133.02","69.43","TUKTOYAKTUK","2203914","2012-02-29 08:00","2012","02","29","08:00","-39.4","","-44.0","","62","","","","26","","11","","","","102.93","","","","-51","","NA"
"-133.02","69.43","TUKTOYAKTUK","2203914","2012-02-29 09:00","2012","02","29","09:00","-38.8","","-43.3","","62","","","","27","","11","","","","102.91","","","","-50","","NA"
"-133.02","69.43","TUKTOYAKTUK","2203914","2012-02-29 10:00","2012","02","29","10:00","-39.5","","-44.2","","61","","","","25","","11","","","","102.92","","","","-51","","NA"
"-133.02","69.43","TUKTOYAKTUK","2203914","2012-02-29 11:00","2012","02","29","11:00","-38.6","","-43.3","","61","","","","25","","11","","","","102.91","","","","-50","","NA"
"-133.02","69.43","TUKTOYAKTUK","2203914","2012-02-29 12:00","2012","02","29","12:00","-38.3","","-43.0","","61","","","","26","","9","","","","102.93","","","","-48","","NA"
"-133.02","69.43","TUKTOYAKTUK","2203914","2012-02-29 13:00","2012","02","29","13:00","-36.8","","-41.5","","62","","","","26","","9","","","","102.93","","","","-47","","NA"
"-133.02","69.43","TUKTOYAKTUK","2203914","2012-02-29 14:00","2012","02","29","14:00","-36.0","","-40.7","","62","","","","26","","9","","","","102.96","","","","-46","","NA"
"-133.02","69.43","TUKTOYAKTUK","2203914","2012-02-29 15:00","2012","02","29","15:00","-35.8","","-40.6","","61","","","","25","","9","","","","102.97","","","","-45","","NA"
"-133.02","69.43","TUKTOYAKTUK","2203914","2012-02-29 16:00","2012","02","29","16:00","-35.9","","-40.6","","62","","","","24","","7","","","","102.98","","","","-44","","NA"
"-133.02","69.43","TUKTOYAKTUK","2203914","2012-02-29 17:00","2012","02","29","17:00","-37.0","","-41.6","","62","","","","24","","9","","","","102.97","","","","-47","","NA"
"-133.02","69.43","TUKTOYAKTUK","2203914","2012-02-29 18:00","2012","02","29","18:00","-37.9","","-42.5","","62","","","","24","","7","","","","102.98","","","","-46","","NA"
"-133.02","69.43","TUKTOYAKTUK","2203914","2012-02-29 19:00","2012","02","29","19:00","-38.7","","-43.0","","64","","","","23","","11","","","","102.98","","","","-50","","NA"
"-133.02","69.43","TUKTOYAKTUK","2203914","2012-02-29 20:00","2012","02","29","20:00","-39.2","","-43.5","","64","","","","24","","9","","","","102.95","","","","-49","","NA"
"-133.02","69.43","TUKTOYAKTUK","2203914","2012-02-29 21:00","2012","02","29","21:00","-39.6","","-43.9","","64","","","","23","","9","","","","102.97","","","","-50","","NA"
"-133.02","69.43","TUKTOYAKTUK","2203914","2012-02-29 22:00","2012","02","29","22:00","-39.0","","-43.3","","64","","","","24","","9","","","","102.98","","","","-49","","NA"
"-133.02","69.43","TUKTOYAKTUK","2203914","2012-02-29 23:00","2012","02","29","23:00","-40.3","","-44.7","","63","","","","23","","6","","","","103.01","","","","-48","","NA"
